"Statistic Label","Month","Detailed Sub Indices","UNIT","VALUE"
"Consumer Price Index","2012 January","Accommodation services","Base Dec 2023=100","54.7"
"Consumer Price Index","2012 February","Accommodation services","Base Dec 2023=100","55.4"
"Consumer Price Index","2012 March","Accommodation services","Base Dec 2023=100","56.9"
"Consumer Price Index","2012 April","Accommodation services","Base Dec 2023=100","58.1"
"Consumer Price Index","2012 May","Accommodation services","Base Dec 2023=100","59.2"
"Consumer Price Index","2012 June","Accommodation services","Base Dec 2023=100","62.2"
"Consumer Price Index","2012 July","Accommodation services","Base Dec 2023=100","63.8"
"Consumer Price Index","2012 August","Accommodation services","Base Dec 2023=100","64.2"
"Consumer Price Index","2012 September","Accommodation services","Base Dec 2023=100","62.4"
"Consumer Price Index","2012 October","Accommodation services","Base Dec 2023=100","59.8"
"Consumer Price Index","2012 November","Accommodation services","Base Dec 2023=100","56.6"
"Consumer Price Index","2012 December","Accommodation services","Base Dec 2023=100","56"
"Consumer Price Index","2013 January","Accommodation services","Base Dec 2023=100","54.8"
"Consumer Price Index","2013 February","Accommodation services","Base Dec 2023=100","57"
"Consumer Price Index","2013 March","Accommodation services","Base Dec 2023=100","58.5"
"Consumer Price Index","2013 April","Accommodation services","Base Dec 2023=100","58.8"
"Consumer Price Index","2013 May","Accommodation services","Base Dec 2023=100","60.4"
"Consumer Price Index","2013 June","Accommodation services","Base Dec 2023=100","62.2"
"Consumer Price Index","2013 July","Accommodation services","Base Dec 2023=100","63.2"
"Consumer Price Index","2013 August","Accommodation services","Base Dec 2023=100","63.7"
"Consumer Price Index","2013 September","Accommodation services","Base Dec 2023=100","61.9"
"Consumer Price Index","2013 October","Accommodation services","Base Dec 2023=100","59.7"
"Consumer Price Index","2013 November","Accommodation services","Base Dec 2023=100","56.4"
"Consumer Price Index","2013 December","Accommodation services","Base Dec 2023=100","57.2"
"Consumer Price Index","2014 January","Accommodation services","Base Dec 2023=100","54.4"
"Consumer Price Index","2014 February","Accommodation services","Base Dec 2023=100","56.7"
"Consumer Price Index","2014 March","Accommodation services","Base Dec 2023=100","58.6"
"Consumer Price Index","2014 April","Accommodation services","Base Dec 2023=100","58.4"
"Consumer Price Index","2014 May","Accommodation services","Base Dec 2023=100","61.3"
"Consumer Price Index","2014 June","Accommodation services","Base Dec 2023=100","63.3"
"Consumer Price Index","2014 July","Accommodation services","Base Dec 2023=100","65.3"
"Consumer Price Index","2014 August","Accommodation services","Base Dec 2023=100","67.1"
"Consumer Price Index","2014 September","Accommodation services","Base Dec 2023=100","64.8"
"Consumer Price Index","2014 October","Accommodation services","Base Dec 2023=100","62.4"
"Consumer Price Index","2014 November","Accommodation services","Base Dec 2023=100","60"
"Consumer Price Index","2014 December","Accommodation services","Base Dec 2023=100","59.4"
"Consumer Price Index","2015 January","Accommodation services","Base Dec 2023=100","57.2"
"Consumer Price Index","2015 February","Accommodation services","Base Dec 2023=100","61.2"
"Consumer Price Index","2015 March","Accommodation services","Base Dec 2023=100","61.6"
"Consumer Price Index","2015 April","Accommodation services","Base Dec 2023=100","63.6"
"Consumer Price Index","2015 May","Accommodation services","Base Dec 2023=100","66.4"
"Consumer Price Index","2015 June","Accommodation services","Base Dec 2023=100","68.6"
"Consumer Price Index","2015 July","Accommodation services","Base Dec 2023=100","71.5"
"Consumer Price Index","2015 August","Accommodation services","Base Dec 2023=100","73.5"
"Consumer Price Index","2015 September","Accommodation services","Base Dec 2023=100","70.6"
"Consumer Price Index","2015 October","Accommodation services","Base Dec 2023=100","66.5"
"Consumer Price Index","2015 November","Accommodation services","Base Dec 2023=100","63.4"
"Consumer Price Index","2015 December","Accommodation services","Base Dec 2023=100","63.3"
"Consumer Price Index","2016 January","Accommodation services","Base Dec 2023=100","60.7"
"Consumer Price Index","2016 February","Accommodation services","Base Dec 2023=100","62.6"
"Consumer Price Index","2016 March","Accommodation services","Base Dec 2023=100","66.3"
"Consumer Price Index","2016 April","Accommodation services","Base Dec 2023=100","68.8"
"Consumer Price Index","2016 May","Accommodation services","Base Dec 2023=100","72.3"
"Consumer Price Index","2016 June","Accommodation services","Base Dec 2023=100","78.7"
"Consumer Price Index","2016 July","Accommodation services","Base Dec 2023=100","81"
"Consumer Price Index","2016 August","Accommodation services","Base Dec 2023=100","82.3"
"Consumer Price Index","2016 September","Accommodation services","Base Dec 2023=100","77.2"
"Consumer Price Index","2016 October","Accommodation services","Base Dec 2023=100","72.9"
"Consumer Price Index","2016 November","Accommodation services","Base Dec 2023=100","68.4"
"Consumer Price Index","2016 December","Accommodation services","Base Dec 2023=100","67.4"
"Consumer Price Index","2017 January","Accommodation services","Base Dec 2023=100","65.3"
"Consumer Price Index","2017 February","Accommodation services","Base Dec 2023=100","67.4"
"Consumer Price Index","2017 March","Accommodation services","Base Dec 2023=100","71.6"
"Consumer Price Index","2017 April","Accommodation services","Base Dec 2023=100","73.2"
"Consumer Price Index","2017 May","Accommodation services","Base Dec 2023=100","76.2"
"Consumer Price Index","2017 June","Accommodation services","Base Dec 2023=100","79.8"
"Consumer Price Index","2017 July","Accommodation services","Base Dec 2023=100","84"
"Consumer Price Index","2017 August","Accommodation services","Base Dec 2023=100","86"
"Consumer Price Index","2017 September","Accommodation services","Base Dec 2023=100","81.5"
"Consumer Price Index","2017 October","Accommodation services","Base Dec 2023=100","76.9"
"Consumer Price Index","2017 November","Accommodation services","Base Dec 2023=100","72.3"
"Consumer Price Index","2017 December","Accommodation services","Base Dec 2023=100","71.5"
"Consumer Price Index","2018 January","Accommodation services","Base Dec 2023=100","66.9"
"Consumer Price Index","2018 February","Accommodation services","Base Dec 2023=100","70.4"
"Consumer Price Index","2018 March","Accommodation services","Base Dec 2023=100","74"
"Consumer Price Index","2018 April","Accommodation services","Base Dec 2023=100","75.2"
"Consumer Price Index","2018 May","Accommodation services","Base Dec 2023=100","78.2"
"Consumer Price Index","2018 June","Accommodation services","Base Dec 2023=100","81.8"
"Consumer Price Index","2018 July","Accommodation services","Base Dec 2023=100","83.8"
"Consumer Price Index","2018 August","Accommodation services","Base Dec 2023=100","85.1"
"Consumer Price Index","2018 September","Accommodation services","Base Dec 2023=100","81.2"
"Consumer Price Index","2018 October","Accommodation services","Base Dec 2023=100","76.5"
"Consumer Price Index","2018 November","Accommodation services","Base Dec 2023=100","71.8"
"Consumer Price Index","2018 December","Accommodation services","Base Dec 2023=100","70.5"
"Consumer Price Index","2019 January","Accommodation services","Base Dec 2023=100","68.2"
"Consumer Price Index","2019 February","Accommodation services","Base Dec 2023=100","71.5"
"Consumer Price Index","2019 March","Accommodation services","Base Dec 2023=100","76.3"
"Consumer Price Index","2019 April","Accommodation services","Base Dec 2023=100","78.4"
"Consumer Price Index","2019 May","Accommodation services","Base Dec 2023=100","81.1"
"Consumer Price Index","2019 June","Accommodation services","Base Dec 2023=100","85.3"
"Consumer Price Index","2019 July","Accommodation services","Base Dec 2023=100","84.8"
"Consumer Price Index","2019 August","Accommodation services","Base Dec 2023=100","86.3"
"Consumer Price Index","2019 September","Accommodation services","Base Dec 2023=100","83.7"
"Consumer Price Index","2019 October","Accommodation services","Base Dec 2023=100","79.6"
"Consumer Price Index","2019 November","Accommodation services","Base Dec 2023=100","75"
"Consumer Price Index","2019 December","Accommodation services","Base Dec 2023=100","73.2"
"Consumer Price Index","2020 January","Accommodation services","Base Dec 2023=100","70.3"
"Consumer Price Index","2020 February","Accommodation services","Base Dec 2023=100","73.1"
"Consumer Price Index","2020 March","Accommodation services","Base Dec 2023=100","75.4"
"Consumer Price Index","2020 April","Accommodation services","Base Dec 2023=100","77.5"
"Consumer Price Index","2020 May","Accommodation services","Base Dec 2023=100","80.1"
"Consumer Price Index","2020 June","Accommodation services","Base Dec 2023=100","84.3"
"Consumer Price Index","2020 July","Accommodation services","Base Dec 2023=100","78.8"
"Consumer Price Index","2020 August","Accommodation services","Base Dec 2023=100","80.2"
"Consumer Price Index","2020 September","Accommodation services","Base Dec 2023=100","79.1"
"Consumer Price Index","2020 October","Accommodation services","Base Dec 2023=100","70.6"
"Consumer Price Index","2020 November","Accommodation services","Base Dec 2023=100","66.5"
"Consumer Price Index","2020 December","Accommodation services","Base Dec 2023=100","71.8"
"Consumer Price Index","2021 January","Accommodation services","Base Dec 2023=100","68.9"
"Consumer Price Index","2021 February","Accommodation services","Base Dec 2023=100","71.7"
"Consumer Price Index","2021 March","Accommodation services","Base Dec 2023=100","73.9"
"Consumer Price Index","2021 April","Accommodation services","Base Dec 2023=100","76"
"Consumer Price Index","2021 May","Accommodation services","Base Dec 2023=100","78.5"
"Consumer Price Index","2021 June","Accommodation services","Base Dec 2023=100","84.2"
"Consumer Price Index","2021 July","Accommodation services","Base Dec 2023=100","89.1"
"Consumer Price Index","2021 August","Accommodation services","Base Dec 2023=100","92.5"
"Consumer Price Index","2021 September","Accommodation services","Base Dec 2023=100","86.9"
"Consumer Price Index","2021 October","Accommodation services","Base Dec 2023=100","82.8"
"Consumer Price Index","2021 November","Accommodation services","Base Dec 2023=100","81"
"Consumer Price Index","2021 December","Accommodation services","Base Dec 2023=100","81.7"
"Consumer Price Index","2022 January","Accommodation services","Base Dec 2023=100","77.8"
"Consumer Price Index","2022 February","Accommodation services","Base Dec 2023=100","79.7"
"Consumer Price Index","2022 March","Accommodation services","Base Dec 2023=100","84.1"
"Consumer Price Index","2022 April","Accommodation services","Base Dec 2023=100","91"
"Consumer Price Index","2022 May","Accommodation services","Base Dec 2023=100","95.7"
"Consumer Price Index","2022 June","Accommodation services","Base Dec 2023=100","101"
"Consumer Price Index","2022 July","Accommodation services","Base Dec 2023=100","108.3"
"Consumer Price Index","2022 August","Accommodation services","Base Dec 2023=100","109.2"
"Consumer Price Index","2022 September","Accommodation services","Base Dec 2023=100","104.9"
"Consumer Price Index","2022 October","Accommodation services","Base Dec 2023=100","98.6"
"Consumer Price Index","2022 November","Accommodation services","Base Dec 2023=100","95.4"
"Consumer Price Index","2022 December","Accommodation services","Base Dec 2023=100","93.6"
"Consumer Price Index","2023 January","Accommodation services","Base Dec 2023=100","87"
"Consumer Price Index","2023 February","Accommodation services","Base Dec 2023=100","92.4"
"Consumer Price Index","2023 March","Accommodation services","Base Dec 2023=100","100.1"
"Consumer Price Index","2023 April","Accommodation services","Base Dec 2023=100","102.2"
"Consumer Price Index","2023 May","Accommodation services","Base Dec 2023=100","109.8"
"Consumer Price Index","2023 June","Accommodation services","Base Dec 2023=100","114.1"
"Consumer Price Index","2023 July","Accommodation services","Base Dec 2023=100","115"
"Consumer Price Index","2023 August","Accommodation services","Base Dec 2023=100","115.5"
"Consumer Price Index","2023 September","Accommodation services","Base Dec 2023=100","111.6"
"Consumer Price Index","2023 October","Accommodation services","Base Dec 2023=100","106.2"
"Consumer Price Index","2023 November","Accommodation services","Base Dec 2023=100","100.7"
"Consumer Price Index","2023 December","Accommodation services","Base Dec 2023=100","100"
"Consumer Price Index","2024 January","Accommodation services","Base Dec 2023=100","93.6"
"Consumer Price Index","2024 February","Accommodation services","Base Dec 2023=100","98.7"
"Consumer Price Index","2024 March","Accommodation services","Base Dec 2023=100","105"
"Consumer Price Index","2024 April","Accommodation services","Base Dec 2023=100","105.7"
"Consumer Price Index","2024 May","Accommodation services","Base Dec 2023=100","113.9"
"Consumer Price Index","2024 June","Accommodation services","Base Dec 2023=100","116.5"
"Consumer Price Index","2024 July","Accommodation services","Base Dec 2023=100","115.9"
"Consumer Price Index","2024 August","Accommodation services","Base Dec 2023=100","118"
"Consumer Price Index","2024 September","Accommodation services","Base Dec 2023=100","113"
"Consumer Price Index","2024 October","Accommodation services","Base Dec 2023=100","107"
"Consumer Price Index","2024 November","Accommodation services","Base Dec 2023=100","100.4"
"Consumer Price Index","2024 December","Accommodation services","Base Dec 2023=100","100.3"
"Consumer Price Index","2025 January","Accommodation services","Base Dec 2023=100","92.7"
"Consumer Price Index","2025 February","Accommodation services","Base Dec 2023=100","95.2"
"Consumer Price Index","2025 March","Accommodation services","Base Dec 2023=100","102.1"
"Consumer Price Index","2025 April","Accommodation services","Base Dec 2023=100","105.5"
"Consumer Price Index","2025 May","Accommodation services","Base Dec 2023=100","115.3"
"Consumer Price Index","2025 June","Accommodation services","Base Dec 2023=100","116.5"
"Consumer Price Index","2025 July","Accommodation services","Base Dec 2023=100","117.3"
"Consumer Price Index","2025 August","Accommodation services","Base Dec 2023=100","119.7"
"Consumer Price Index","2025 September","Accommodation services","Base Dec 2023=100","116.5"
"Consumer Price Index","2025 October","Accommodation services","Base Dec 2023=100","108.4"
"Consumer Price Index","2025 November","Accommodation services","Base Dec 2023=100","102.7"
"Consumer Price Index","2025 December","Accommodation services","Base Dec 2023=100","102.4"
"Percentage Change over 1 month for Consumer Price Index","2012 January","Accommodation services","%","-2.8"
"Percentage Change over 1 month for Consumer Price Index","2012 February","Accommodation services","%","1.3"
"Percentage Change over 1 month for Consumer Price Index","2012 March","Accommodation services","%","2.7"
"Percentage Change over 1 month for Consumer Price Index","2012 April","Accommodation services","%","2.1"
"Percentage Change over 1 month for Consumer Price Index","2012 May","Accommodation services","%","1.9"
"Percentage Change over 1 month for Consumer Price Index","2012 June","Accommodation services","%","5.1"
"Percentage Change over 1 month for Consumer Price Index","2012 July","Accommodation services","%","2.6"
"Percentage Change over 1 month for Consumer Price Index","2012 August","Accommodation services","%","0.6"
"Percentage Change over 1 month for Consumer Price Index","2012 September","Accommodation services","%","-2.8"
"Percentage Change over 1 month for Consumer Price Index","2012 October","Accommodation services","%","-4.2"
"Percentage Change over 1 month for Consumer Price Index","2012 November","Accommodation services","%","-5.4"
"Percentage Change over 1 month for Consumer Price Index","2012 December","Accommodation services","%","-1.1"
"Percentage Change over 1 month for Consumer Price Index","2013 January","Accommodation services","%","-2.1"
"Percentage Change over 1 month for Consumer Price Index","2013 February","Accommodation services","%","4"
"Percentage Change over 1 month for Consumer Price Index","2013 March","Accommodation services","%","2.6"
"Percentage Change over 1 month for Consumer Price Index","2013 April","Accommodation services","%","0.5"
"Percentage Change over 1 month for Consumer Price Index","2013 May","Accommodation services","%","2.7"
"Percentage Change over 1 month for Consumer Price Index","2013 June","Accommodation services","%","3"
"Percentage Change over 1 month for Consumer Price Index","2013 July","Accommodation services","%","1.6"
"Percentage Change over 1 month for Consumer Price Index","2013 August","Accommodation services","%","0.8"
"Percentage Change over 1 month for Consumer Price Index","2013 September","Accommodation services","%","-2.8"
"Percentage Change over 1 month for Consumer Price Index","2013 October","Accommodation services","%","-3.6"
"Percentage Change over 1 month for Consumer Price Index","2013 November","Accommodation services","%","-5.5"
"Percentage Change over 1 month for Consumer Price Index","2013 December","Accommodation services","%","1.4"
"Percentage Change over 1 month for Consumer Price Index","2014 January","Accommodation services","%","-4.9"
"Percentage Change over 1 month for Consumer Price Index","2014 February","Accommodation services","%","4.2"
"Percentage Change over 1 month for Consumer Price Index","2014 March","Accommodation services","%","3.4"
"Percentage Change over 1 month for Consumer Price Index","2014 April","Accommodation services","%","-0.3"
"Percentage Change over 1 month for Consumer Price Index","2014 May","Accommodation services","%","5"
"Percentage Change over 1 month for Consumer Price Index","2014 June","Accommodation services","%","3.3"
"Percentage Change over 1 month for Consumer Price Index","2014 July","Accommodation services","%","3.2"
"Percentage Change over 1 month for Consumer Price Index","2014 August","Accommodation services","%","2.8"
"Percentage Change over 1 month for Consumer Price Index","2014 September","Accommodation services","%","-3.4"
"Percentage Change over 1 month for Consumer Price Index","2014 October","Accommodation services","%","-3.7"
"Percentage Change over 1 month for Consumer Price Index","2014 November","Accommodation services","%","-3.8"
"Percentage Change over 1 month for Consumer Price Index","2014 December","Accommodation services","%","-1"
"Percentage Change over 1 month for Consumer Price Index","2015 January","Accommodation services","%","-3.7"
"Percentage Change over 1 month for Consumer Price Index","2015 February","Accommodation services","%","7"
"Percentage Change over 1 month for Consumer Price Index","2015 March","Accommodation services","%","0.7"
"Percentage Change over 1 month for Consumer Price Index","2015 April","Accommodation services","%","3.2"
"Percentage Change over 1 month for Consumer Price Index","2015 May","Accommodation services","%","4.4"
"Percentage Change over 1 month for Consumer Price Index","2015 June","Accommodation services","%","3.3"
"Percentage Change over 1 month for Consumer Price Index","2015 July","Accommodation services","%","4.2"
"Percentage Change over 1 month for Consumer Price Index","2015 August","Accommodation services","%","2.8"
"Percentage Change over 1 month for Consumer Price Index","2015 September","Accommodation services","%","-3.9"
"Percentage Change over 1 month for Consumer Price Index","2015 October","Accommodation services","%","-5.8"
"Percentage Change over 1 month for Consumer Price Index","2015 November","Accommodation services","%","-4.7"
"Percentage Change over 1 month for Consumer Price Index","2015 December","Accommodation services","%","-0.2"
"Percentage Change over 1 month for Consumer Price Index","2016 January","Accommodation services","%","-4.1"
"Percentage Change over 1 month for Consumer Price Index","2016 February","Accommodation services","%","3.1"
"Percentage Change over 1 month for Consumer Price Index","2016 March","Accommodation services","%","5.9"
"Percentage Change over 1 month for Consumer Price Index","2016 April","Accommodation services","%","3.8"
"Percentage Change over 1 month for Consumer Price Index","2016 May","Accommodation services","%","5.1"
"Percentage Change over 1 month for Consumer Price Index","2016 June","Accommodation services","%","8.9"
"Percentage Change over 1 month for Consumer Price Index","2016 July","Accommodation services","%","2.9"
"Percentage Change over 1 month for Consumer Price Index","2016 August","Accommodation services","%","1.6"
"Percentage Change over 1 month for Consumer Price Index","2016 September","Accommodation services","%","-6.2"
"Percentage Change over 1 month for Consumer Price Index","2016 October","Accommodation services","%","-5.6"
"Percentage Change over 1 month for Consumer Price Index","2016 November","Accommodation services","%","-6.2"
"Percentage Change over 1 month for Consumer Price Index","2016 December","Accommodation services","%","-1.5"
"Percentage Change over 1 month for Consumer Price Index","2017 January","Accommodation services","%","-3.1"
"Percentage Change over 1 month for Consumer Price Index","2017 February","Accommodation services","%","3.2"
"Percentage Change over 1 month for Consumer Price Index","2017 March","Accommodation services","%","6.2"
"Percentage Change over 1 month for Consumer Price Index","2017 April","Accommodation services","%","2.2"
"Percentage Change over 1 month for Consumer Price Index","2017 May","Accommodation services","%","4.1"
"Percentage Change over 1 month for Consumer Price Index","2017 June","Accommodation services","%","4.7"
"Percentage Change over 1 month for Consumer Price Index","2017 July","Accommodation services","%","5.3"
"Percentage Change over 1 month for Consumer Price Index","2017 August","Accommodation services","%","2.4"
"Percentage Change over 1 month for Consumer Price Index","2017 September","Accommodation services","%","-5.2"
"Percentage Change over 1 month for Consumer Price Index","2017 October","Accommodation services","%","-5.6"
"Percentage Change over 1 month for Consumer Price Index","2017 November","Accommodation services","%","-6"
"Percentage Change over 1 month for Consumer Price Index","2017 December","Accommodation services","%","-1.1"
"Percentage Change over 1 month for Consumer Price Index","2018 January","Accommodation services","%","-6.4"
"Percentage Change over 1 month for Consumer Price Index","2018 February","Accommodation services","%","5.2"
"Percentage Change over 1 month for Consumer Price Index","2018 March","Accommodation services","%","5.1"
"Percentage Change over 1 month for Consumer Price Index","2018 April","Accommodation services","%","1.6"
"Percentage Change over 1 month for Consumer Price Index","2018 May","Accommodation services","%","4"
"Percentage Change over 1 month for Consumer Price Index","2018 June","Accommodation services","%","4.6"
"Percentage Change over 1 month for Consumer Price Index","2018 July","Accommodation services","%","2.4"
"Percentage Change over 1 month for Consumer Price Index","2018 August","Accommodation services","%","1.6"
"Percentage Change over 1 month for Consumer Price Index","2018 September","Accommodation services","%","-4.6"
"Percentage Change over 1 month for Consumer Price Index","2018 October","Accommodation services","%","-5.8"
"Percentage Change over 1 month for Consumer Price Index","2018 November","Accommodation services","%","-6.1"
"Percentage Change over 1 month for Consumer Price Index","2018 December","Accommodation services","%","-1.8"
"Percentage Change over 1 month for Consumer Price Index","2019 January","Accommodation services","%","-3.3"
"Percentage Change over 1 month for Consumer Price Index","2019 February","Accommodation services","%","4.8"
"Percentage Change over 1 month for Consumer Price Index","2019 March","Accommodation services","%","6.7"
"Percentage Change over 1 month for Consumer Price Index","2019 April","Accommodation services","%","2.8"
"Percentage Change over 1 month for Consumer Price Index","2019 May","Accommodation services","%","3.4"
"Percentage Change over 1 month for Consumer Price Index","2019 June","Accommodation services","%","5.2"
"Percentage Change over 1 month for Consumer Price Index","2019 July","Accommodation services","%","-0.6"
"Percentage Change over 1 month for Consumer Price Index","2019 August","Accommodation services","%","1.8"
"Percentage Change over 1 month for Consumer Price Index","2019 September","Accommodation services","%","-3"
"Percentage Change over 1 month for Consumer Price Index","2019 October","Accommodation services","%","-4.9"
"Percentage Change over 1 month for Consumer Price Index","2019 November","Accommodation services","%","-5.8"
"Percentage Change over 1 month for Consumer Price Index","2019 December","Accommodation services","%","-2.4"
"Percentage Change over 1 month for Consumer Price Index","2020 January","Accommodation services","%","-4"
"Percentage Change over 1 month for Consumer Price Index","2020 February","Accommodation services","%","4"
"Percentage Change over 1 month for Consumer Price Index","2020 March","Accommodation services","%","3.1"
"Percentage Change over 1 month for Consumer Price Index","2020 April","Accommodation services","%","2.8"
"Percentage Change over 1 month for Consumer Price Index","2020 May","Accommodation services","%","3.4"
"Percentage Change over 1 month for Consumer Price Index","2020 June","Accommodation services","%","5.2"
"Percentage Change over 1 month for Consumer Price Index","2020 July","Accommodation services","%","-6.5"
"Percentage Change over 1 month for Consumer Price Index","2020 August","Accommodation services","%","1.8"
"Percentage Change over 1 month for Consumer Price Index","2020 September","Accommodation services","%","-1.4"
"Percentage Change over 1 month for Consumer Price Index","2020 October","Accommodation services","%","-10.7"
"Percentage Change over 1 month for Consumer Price Index","2020 November","Accommodation services","%","-5.8"
"Percentage Change over 1 month for Consumer Price Index","2020 December","Accommodation services","%","8"
"Percentage Change over 1 month for Consumer Price Index","2021 January","Accommodation services","%","-4"
"Percentage Change over 1 month for Consumer Price Index","2021 February","Accommodation services","%","4.1"
"Percentage Change over 1 month for Consumer Price Index","2021 March","Accommodation services","%","3.1"
"Percentage Change over 1 month for Consumer Price Index","2021 April","Accommodation services","%","2.8"
"Percentage Change over 1 month for Consumer Price Index","2021 May","Accommodation services","%","3.3"
"Percentage Change over 1 month for Consumer Price Index","2021 June","Accommodation services","%","7.3"
"Percentage Change over 1 month for Consumer Price Index","2021 July","Accommodation services","%","5.8"
"Percentage Change over 1 month for Consumer Price Index","2021 August","Accommodation services","%","3.8"
"Percentage Change over 1 month for Consumer Price Index","2021 September","Accommodation services","%","-6.1"
"Percentage Change over 1 month for Consumer Price Index","2021 October","Accommodation services","%","-4.7"
"Percentage Change over 1 month for Consumer Price Index","2021 November","Accommodation services","%","-2.2"
"Percentage Change over 1 month for Consumer Price Index","2021 December","Accommodation services","%","0.9"
"Percentage Change over 1 month for Consumer Price Index","2022 January","Accommodation services","%","-4.8"
"Percentage Change over 1 month for Consumer Price Index","2022 February","Accommodation services","%","2.4"
"Percentage Change over 1 month for Consumer Price Index","2022 March","Accommodation services","%","5.5"
"Percentage Change over 1 month for Consumer Price Index","2022 April","Accommodation services","%","8.2"
"Percentage Change over 1 month for Consumer Price Index","2022 May","Accommodation services","%","5.2"
"Percentage Change over 1 month for Consumer Price Index","2022 June","Accommodation services","%","5.5"
"Percentage Change over 1 month for Consumer Price Index","2022 July","Accommodation services","%","7.2"
"Percentage Change over 1 month for Consumer Price Index","2022 August","Accommodation services","%","0.8"
"Percentage Change over 1 month for Consumer Price Index","2022 September","Accommodation services","%","-3.9"
"Percentage Change over 1 month for Consumer Price Index","2022 October","Accommodation services","%","-6"
"Percentage Change over 1 month for Consumer Price Index","2022 November","Accommodation services","%","-3.2"
"Percentage Change over 1 month for Consumer Price Index","2022 December","Accommodation services","%","-1.9"
"Percentage Change over 1 month for Consumer Price Index","2023 January","Accommodation services","%","-7.1"
"Percentage Change over 1 month for Consumer Price Index","2023 February","Accommodation services","%","6.2"
"Percentage Change over 1 month for Consumer Price Index","2023 March","Accommodation services","%","8.3"
"Percentage Change over 1 month for Consumer Price Index","2023 April","Accommodation services","%","2.1"
"Percentage Change over 1 month for Consumer Price Index","2023 May","Accommodation services","%","7.4"
"Percentage Change over 1 month for Consumer Price Index","2023 June","Accommodation services","%","3.9"
"Percentage Change over 1 month for Consumer Price Index","2023 July","Accommodation services","%","0.8"
"Percentage Change over 1 month for Consumer Price Index","2023 August","Accommodation services","%","0.4"
"Percentage Change over 1 month for Consumer Price Index","2023 September","Accommodation services","%","-3.4"
"Percentage Change over 1 month for Consumer Price Index","2023 October","Accommodation services","%","-4.8"
"Percentage Change over 1 month for Consumer Price Index","2023 November","Accommodation services","%","-5.2"
"Percentage Change over 1 month for Consumer Price Index","2023 December","Accommodation services","%","-0.7"
"Percentage Change over 1 month for Consumer Price Index","2024 January","Accommodation services","%","-6.4"
"Percentage Change over 1 month for Consumer Price Index","2024 February","Accommodation services","%","5.4"
"Percentage Change over 1 month for Consumer Price Index","2024 March","Accommodation services","%","6.4"
"Percentage Change over 1 month for Consumer Price Index","2024 April","Accommodation services","%","0.7"
"Percentage Change over 1 month for Consumer Price Index","2024 May","Accommodation services","%","7.8"
"Percentage Change over 1 month for Consumer Price Index","2024 June","Accommodation services","%","2.3"
"Percentage Change over 1 month for Consumer Price Index","2024 July","Accommodation services","%","-0.5"
"Percentage Change over 1 month for Consumer Price Index","2024 August","Accommodation services","%","1.8"
"Percentage Change over 1 month for Consumer Price Index","2024 September","Accommodation services","%","-4.2"
"Percentage Change over 1 month for Consumer Price Index","2024 October","Accommodation services","%","-5.3"
"Percentage Change over 1 month for Consumer Price Index","2024 November","Accommodation services","%","-6.2"
"Percentage Change over 1 month for Consumer Price Index","2024 December","Accommodation services","%","-0.1"
"Percentage Change over 1 month for Consumer Price Index","2025 January","Accommodation services","%","-7.6"
"Percentage Change over 1 month for Consumer Price Index","2025 February","Accommodation services","%","2.7"
"Percentage Change over 1 month for Consumer Price Index","2025 March","Accommodation services","%","7.2"
"Percentage Change over 1 month for Consumer Price Index","2025 April","Accommodation services","%","3.3"
"Percentage Change over 1 month for Consumer Price Index","2025 May","Accommodation services","%","9.3"
"Percentage Change over 1 month for Consumer Price Index","2025 June","Accommodation services","%","1"
"Percentage Change over 1 month for Consumer Price Index","2025 July","Accommodation services","%","0.7"
"Percentage Change over 1 month for Consumer Price Index","2025 August","Accommodation services","%","2"
"Percentage Change over 1 month for Consumer Price Index","2025 September","Accommodation services","%","-2.7"
"Percentage Change over 1 month for Consumer Price Index","2025 October","Accommodation services","%","-7"
"Percentage Change over 1 month for Consumer Price Index","2025 November","Accommodation services","%","-5.3"
"Percentage Change over 1 month for Consumer Price Index","2025 December","Accommodation services","%","-0.3"
