"STATISTIC","Statistic Label","TLIST(M1)","Month","C03880V04631","NUTS 3 Region","UNIT","VALUE"
"ITM08C01","Irish Resident","201201","2012 January","IE0","Ireland","Number of nights spent","806849"
"ITM08C01","Irish Resident","201202","2012 February","IE0","Ireland","Number of nights spent","957798"
"ITM08C01","Irish Resident","201203","2012 March","IE0","Ireland","Number of nights spent","1180245"
"ITM08C01","Irish Resident","201204","2012 April","IE0","Ireland","Number of nights spent","1282596"
"ITM08C01","Irish Resident","201205","2012 May","IE0","Ireland","Number of nights spent","1338550"
"ITM08C01","Irish Resident","201206","2012 June","IE0","Ireland","Number of nights spent","1536567"
"ITM08C01","Irish Resident","201207","2012 July","IE0","Ireland","Number of nights spent","1729441"
"ITM08C01","Irish Resident","201208","2012 August","IE0","Ireland","Number of nights spent","1910474"
"ITM08C01","Irish Resident","201209","2012 September","IE0","Ireland","Number of nights spent","1405849"
"ITM08C01","Irish Resident","201210","2012 October","IE0","Ireland","Number of nights spent","1256865"
"ITM08C01","Irish Resident","201211","2012 November","IE0","Ireland","Number of nights spent","1096259"
"ITM08C01","Irish Resident","201212","2012 December","IE0","Ireland","Number of nights spent","910264"
"ITM08C01","Irish Resident","201301","2013 January","IE0","Ireland","Number of nights spent","860431"
"ITM08C01","Irish Resident","201302","2013 February","IE0","Ireland","Number of nights spent","1012570"
"ITM08C01","Irish Resident","201303","2013 March","IE0","Ireland","Number of nights spent","1257193"
"ITM08C01","Irish Resident","201304","2013 April","IE0","Ireland","Number of nights spent","1112840"
"ITM08C01","Irish Resident","201305","2013 May","IE0","Ireland","Number of nights spent","1261789"
"ITM08C01","Irish Resident","201306","2013 June","IE0","Ireland","Number of nights spent","1466851"
"ITM08C01","Irish Resident","201307","2013 July","IE0","Ireland","Number of nights spent","1746124"
"ITM08C01","Irish Resident","201308","2013 August","IE0","Ireland","Number of nights spent","2029588"
"ITM08C01","Irish Resident","201309","2013 September","IE0","Ireland","Number of nights spent","1459656"
"ITM08C01","Irish Resident","201310","2013 October","IE0","Ireland","Number of nights spent","1401961"
"ITM08C01","Irish Resident","201311","2013 November","IE0","Ireland","Number of nights spent","1065440"
"ITM08C01","Irish Resident","201312","2013 December","IE0","Ireland","Number of nights spent","916935"
"ITM08C01","Irish Resident","201401","2014 January","IE0","Ireland","Number of nights spent","936737"
"ITM08C01","Irish Resident","201402","2014 February","IE0","Ireland","Number of nights spent","932525"
"ITM08C01","Irish Resident","201403","2014 March","IE0","Ireland","Number of nights spent","1070948"
"ITM08C01","Irish Resident","201404","2014 April","IE0","Ireland","Number of nights spent","1236529"
"ITM08C01","Irish Resident","201405","2014 May","IE0","Ireland","Number of nights spent","1348326"
"ITM08C01","Irish Resident","201406","2014 June","IE0","Ireland","Number of nights spent","1626162"
"ITM08C01","Irish Resident","201407","2014 July","IE0","Ireland","Number of nights spent","2170656"
"ITM08C01","Irish Resident","201408","2014 August","IE0","Ireland","Number of nights spent","2445593"
"ITM08C01","Irish Resident","201409","2014 September","IE0","Ireland","Number of nights spent","1587524"
"ITM08C01","Irish Resident","201410","2014 October","IE0","Ireland","Number of nights spent","1584209"
"ITM08C01","Irish Resident","201411","2014 November","IE0","Ireland","Number of nights spent","1587524"
"ITM08C01","Irish Resident","201412","2014 December","IE0","Ireland","Number of nights spent","1126461"
"ITM08C01","Irish Resident","201501","2015 January","IE0","Ireland","Number of nights spent","879556"
"ITM08C01","Irish Resident","201502","2015 February","IE0","Ireland","Number of nights spent","901637"
"ITM08C01","Irish Resident","201503","2015 March","IE0","Ireland","Number of nights spent","1047261"
"ITM08C01","Irish Resident","201504","2015 April","IE0","Ireland","Number of nights spent","1208532.35"
"ITM08C01","Irish Resident","201505","2015 May","IE0","Ireland","Number of nights spent","1383110.35"
"ITM08C01","Irish Resident","201506","2015 June","IE0","Ireland","Number of nights spent","1474327"
"ITM08C01","Irish Resident","201507","2015 July","IE0","Ireland","Number of nights spent","1950903.47"
"ITM08C01","Irish Resident","201508","2015 August","IE0","Ireland","Number of nights spent","1966928"
"ITM08C01","Irish Resident","201509","2015 September","IE0","Ireland","Number of nights spent","1139429"
"ITM08C01","Irish Resident","201510","2015 October","IE0","Ireland","Number of nights spent","1263419"
"ITM08C01","Irish Resident","201511","2015 November","IE0","Ireland","Number of nights spent","1271829"
"ITM08C01","Irish Resident","201512","2015 December","IE0","Ireland","Number of nights spent","1080724"
"ITM08C01","Irish Resident","201601","2016 January","IE0","Ireland","Number of nights spent","908223"
"ITM08C01","Irish Resident","201602","2016 February","IE0","Ireland","Number of nights spent","1005906.128"
"ITM08C01","Irish Resident","201603","2016 March","IE0","Ireland","Number of nights spent","1167807"
"ITM08C01","Irish Resident","201604","2016 April","IE0","Ireland","Number of nights spent","1131404"
"ITM08C01","Irish Resident","201605","2016 May","IE0","Ireland","Number of nights spent","1046614"
"ITM08C01","Irish Resident","201606","2016 June","IE0","Ireland","Number of nights spent","1425606"
"ITM08C01","Irish Resident","201607","2016 July","IE0","Ireland","Number of nights spent","1631090"
"ITM08C01","Irish Resident","201608","2016 August","IE0","Ireland","Number of nights spent","1681309"
"ITM08C01","Irish Resident","201609","2016 September","IE0","Ireland","Number of nights spent","1079331"
"ITM08C01","Irish Resident","201610","2016 October","IE0","Ireland","Number of nights spent","1048072"
"ITM08C01","Irish Resident","201611","2016 November","IE0","Ireland","Number of nights spent","996599"
"ITM08C01","Irish Resident","201612","2016 December","IE0","Ireland","Number of nights spent","1119873"
"ITM08C01","Irish Resident","201701","2017 January","IE0","Ireland","Number of nights spent","756091"
"ITM08C01","Irish Resident","201702","2017 February","IE0","Ireland","Number of nights spent","1017728"
"ITM08C01","Irish Resident","201703","2017 March","IE0","Ireland","Number of nights spent","1200291"
"ITM08C01","Irish Resident","201704","2017 April","IE0","Ireland","Number of nights spent","1613502"
"ITM08C01","Irish Resident","201705","2017 May","IE0","Ireland","Number of nights spent","1353878"
"ITM08C01","Irish Resident","201706","2017 June","IE0","Ireland","Number of nights spent","1451510"
"ITM08C01","Irish Resident","201707","2017 July","IE0","Ireland","Number of nights spent","1797394"
"ITM08C01","Irish Resident","201708","2017 August","IE0","Ireland","Number of nights spent","1818851"
"ITM08C01","Irish Resident","201709","2017 September","IE0","Ireland","Number of nights spent","1182386"
"ITM08C01","Irish Resident","201710","2017 October","IE0","Ireland","Number of nights spent","1332010"
"ITM08C01","Irish Resident","201711","2017 November","IE0","Ireland","Number of nights spent","1289190"
"ITM08C01","Irish Resident","201712","2017 December","IE0","Ireland","Number of nights spent","1204522"
"ITM08C01","Irish Resident","201801","2018 January","IE0","Ireland","Number of nights spent","911797"
"ITM08C01","Irish Resident","201802","2018 February","IE0","Ireland","Number of nights spent","943995"
"ITM08C01","Irish Resident","201803","2018 March","IE0","Ireland","Number of nights spent","1094384"
"ITM08C01","Irish Resident","201804","2018 April","IE0","Ireland","Number of nights spent","1249446"
"ITM08C01","Irish Resident","201805","2018 May","IE0","Ireland","Number of nights spent","1453130"
"ITM08C01","Irish Resident","201806","2018 June","IE0","Ireland","Number of nights spent","1673977"
"ITM08C01","Irish Resident","201807","2018 July","IE0","Ireland","Number of nights spent","1709730"
"ITM08C01","Irish Resident","201808","2018 August","IE0","Ireland","Number of nights spent","2120056"
"ITM08C01","Irish Resident","201809","2018 September","IE0","Ireland","Number of nights spent","1658176"
"ITM08C01","Irish Resident","201810","2018 October","IE0","Ireland","Number of nights spent","1446855"
"ITM08C01","Irish Resident","201811","2018 November","IE0","Ireland","Number of nights spent","1189036"
"ITM08C01","Irish Resident","201812","2018 December","IE0","Ireland","Number of nights spent","1172147"
"ITM08C01","Irish Resident","201901","2019 January","IE0","Ireland","Number of nights spent","1156569"
"ITM08C01","Irish Resident","201902","2019 February","IE0","Ireland","Number of nights spent","1063283"
"ITM08C01","Irish Resident","201903","2019 March","IE0","Ireland","Number of nights spent","1338590"
"ITM08C01","Irish Resident","201904","2019 April","IE0","Ireland","Number of nights spent","1472358"
"ITM08C01","Irish Resident","201905","2019 May","IE0","Ireland","Number of nights spent","1284592"
"ITM08C01","Irish Resident","201906","2019 June","IE0","Ireland","Number of nights spent","1763155"
"ITM08C01","Irish Resident","201907","2019 July","IE0","Ireland","Number of nights spent","1827659"
"ITM08C01","Irish Resident","201908","2019 August","IE0","Ireland","Number of nights spent","1963413"
"ITM08C01","Irish Resident","201909","2019 September","IE0","Ireland","Number of nights spent","1421685"
"ITM08C01","Irish Resident","201910","2019 October","IE0","Ireland","Number of nights spent","1219773"
"ITM08C01","Irish Resident","201911","2019 November","IE0","Ireland","Number of nights spent","1167278"
"ITM08C01","Irish Resident","201912","2019 December","IE0","Ireland","Number of nights spent","859818"
"ITM08C01","Irish Resident","202001","2020 January","IE0","Ireland","Number of nights spent","688000"
"ITM08C01","Irish Resident","202002","2020 February","IE0","Ireland","Number of nights spent","851000"
"ITM08C01","Irish Resident","202003","2020 March","IE0","Ireland","Number of nights spent","710000"
"ITM08C01","Irish Resident","202004","2020 April","IE0","Ireland","Number of nights spent","0"
"ITM08C01","Irish Resident","202005","2020 May","IE0","Ireland","Number of nights spent","0"
"ITM08C01","Irish Resident","202006","2020 June","IE0","Ireland","Number of nights spent","0"
"ITM08C01","Irish Resident","202007","2020 July","IE0","Ireland","Number of nights spent","2349000"
"ITM08C01","Irish Resident","202008","2020 August","IE0","Ireland","Number of nights spent","4630000"
"ITM08C01","Irish Resident","202009","2020 September","IE0","Ireland","Number of nights spent","1339000"
"ITM08C01","Irish Resident","202010","2020 October","IE0","Ireland","Number of nights spent","398000"
"ITM08C01","Irish Resident","202011","2020 November","IE0","Ireland","Number of nights spent","196000"
"ITM08C01","Irish Resident","202012","2020 December","IE0","Ireland","Number of nights spent","463000"
"ITM08C01","Irish Resident","202101","2021 January","IE0","Ireland","Number of nights spent","145000"
"ITM08C01","Irish Resident","202102","2021 February","IE0","Ireland","Number of nights spent","81000"
"ITM08C01","Irish Resident","202103","2021 March","IE0","Ireland","Number of nights spent","76000"
"ITM08C01","Irish Resident","202104","2021 April","IE0","Ireland","Number of nights spent","54000"
"ITM08C01","Irish Resident","202105","2021 May","IE0","Ireland","Number of nights spent","28000"
"ITM08C01","Irish Resident","202106","2021 June","IE0","Ireland","Number of nights spent","1084000"
"ITM08C01","Irish Resident","202107","2021 July","IE0","Ireland","Number of nights spent","2726000"
"ITM08C01","Irish Resident","202108","2021 August","IE0","Ireland","Number of nights spent","2778000"
"ITM08C01","Irish Resident","202109","2021 September","IE0","Ireland","Number of nights spent","972000"
"ITM08C01","Irish Resident","202110","2021 October","IE0","Ireland","Number of nights spent","900000"
"ITM08C01","Irish Resident","202111","2021 November","IE0","Ireland","Number of nights spent","413000"
"ITM08C01","Irish Resident","202112","2021 December","IE0","Ireland","Number of nights spent","439000"
"ITM08C01","Irish Resident","202201","2022 January","IE0","Ireland","Number of nights spent","556000"
"ITM08C01","Irish Resident","202202","2022 February","IE0","Ireland","Number of nights spent","998000"
"ITM08C01","Irish Resident","202203","2022 March","IE0","Ireland","Number of nights spent","899000"
"ITM08C01","Irish Resident","202204","2022 April","IE0","Ireland","Number of nights spent","1622000"
"ITM08C01","Irish Resident","202205","2022 May","IE0","Ireland","Number of nights spent","1029000"
"ITM08C01","Irish Resident","202206","2022 June","IE0","Ireland","Number of nights spent","1947000"
"ITM08C01","Irish Resident","202207","2022 July","IE0","Ireland","Number of nights spent","3613000"
"ITM08C01","Irish Resident","202208","2022 August","IE0","Ireland","Number of nights spent","3407000"
"ITM08C01","Irish Resident","202209","2022 September","IE0","Ireland","Number of nights spent","1405000"
"ITM08C01","Irish Resident","202210","2022 October","IE0","Ireland","Number of nights spent","953000"
"ITM08C01","Irish Resident","202211","2022 November","IE0","Ireland","Number of nights spent","1138000"
"ITM08C01","Irish Resident","202212","2022 December","IE0","Ireland","Number of nights spent","889000"
"ITM08C01","Irish Resident","202301","2023 January","IE0","Ireland","Number of nights spent","659000"
"ITM08C01","Irish Resident","202302","2023  February","IE0","Ireland","Number of nights spent","1085002"
"ITM08C01","Irish Resident","202303","2023  March","IE0","Ireland","Number of nights spent","840002"
"ITM08C01","Irish Resident","202304","2023  April","IE0","Ireland","Number of nights spent","1185999"
"ITM08C01","Irish Resident","202305","2023  May","IE0","Ireland","Number of nights spent","1275997"
"ITM08C01","Irish Resident","202306","2023 June","IE0","Ireland","Number of nights spent","1522000"
"ITM08C01","Irish Resident","202307","2023 July","IE0","Ireland","Number of nights spent","2751008"
"ITM08C01","Irish Resident","202308","2023  August","IE0","Ireland","Number of nights spent","2686998"
"ITM08C01","Irish Resident","202309","2023 September","IE0","Ireland","Number of nights spent","1194002"
"ITM08C01","Irish Resident","202310","2023  October","IE0","Ireland","Number of nights spent","1081999"
"ITM08C01","Irish Resident","202311","2023  November","IE0","Ireland","Number of nights spent","1370998"
"ITM08C01","Irish Resident","202312","2023  December","IE0","Ireland","Number of nights spent","620998"
"ITM08C01","Irish Resident","202401","2024 January","IE0","Ireland","Number of nights spent","659002"
"ITM08C01","Irish Resident","202402","2024  February","IE0","Ireland","Number of nights spent","804000"
"ITM08C01","Irish Resident","202403","2024 March","IE0","Ireland","Number of nights spent","1099000"
"ITM08C01","Irish Resident","202404","2024 April","IE0","Ireland","Number of nights spent","1025001"
"ITM08C01","Irish Resident","202405","2024 May","IE0","Ireland","Number of nights spent","1155998"
"ITM08C01","Irish Resident","202406","2024 June","IE0","Ireland","Number of nights spent","2259000"
"ITM08C01","Irish Resident","202407","2024 July","IE0","Ireland","Number of nights spent","2231997"
"ITM08C01","Irish Resident","202408","2024 August","IE0","Ireland","Number of nights spent","3397997"
"ITM08C01","Irish Resident","202409","2024 September","IE0","Ireland","Number of nights spent","1299998"
"ITM08C01","Irish Resident","202410","2024 October","IE0","Ireland","Number of nights spent","1378003"
"ITM08C01","Irish Resident","202411","2024 November","IE0","Ireland","Number of nights spent","1052999"
"ITM08C01","Irish Resident","202412","2024 December","IE0","Ireland","Number of nights spent","964996"
"ITM08C01","Irish Resident","202501","2025 January","IE0","Ireland","Number of nights spent","709000"
"ITM08C01","Irish Resident","202502","2025 February","IE0","Ireland","Number of nights spent","838000"
"ITM08C01","Irish Resident","202503","2025 March","IE0","Ireland","Number of nights spent","735000"
"ITM08C01","Irish Resident","202504","2025 April","IE0","Ireland","Number of nights spent","1211000"
"ITM08C01","Irish Resident","202505","2025 May","IE0","Ireland","Number of nights spent","1660000"
"ITM08C01","Irish Resident","202506","2025 June","IE0","Ireland","Number of nights spent","1972000"
"ITM08C01","Irish Resident","202507","2025 July","IE0","Ireland","Number of nights spent","2716000"
"ITM08C01","Irish Resident","202508","2025 August","IE0","Ireland","Number of nights spent","3009000"
"ITM08C01","Irish Resident","202509","2025 September","IE0","Ireland","Number of nights spent","851000"
"ITM08C01","Irish Resident","202510","2025 October","IE0","Ireland","Number of nights spent","1469000"
"ITM08C01","Irish Resident","202511","2025 November","IE0","Ireland","Number of nights spent","1093000"
"ITM08C01","Irish Resident","202512","2025 December","IE0","Ireland","Number of nights spent","924000"
"ITM08C02","Non-Irish Resident","201201","2012 January","IE0","Ireland","Number of nights spent","333708"
"ITM08C02","Non-Irish Resident","201202","2012 February","IE0","Ireland","Number of nights spent","424743"
"ITM08C02","Non-Irish Resident","201203","2012 March","IE0","Ireland","Number of nights spent","716280"
"ITM08C02","Non-Irish Resident","201204","2012 April","IE0","Ireland","Number of nights spent","851229"
"ITM08C02","Non-Irish Resident","201205","2012 May","IE0","Ireland","Number of nights spent","1074729"
"ITM08C02","Non-Irish Resident","201206","2012 June","IE0","Ireland","Number of nights spent","1262767"
"ITM08C02","Non-Irish Resident","201207","2012 July","IE0","Ireland","Number of nights spent","1497174"
"ITM08C02","Non-Irish Resident","201208","2012 August","IE0","Ireland","Number of nights spent","1648363"
"ITM08C02","Non-Irish Resident","201209","2012 September","IE0","Ireland","Number of nights spent","1169109"
"ITM08C02","Non-Irish Resident","201210","2012 October","IE0","Ireland","Number of nights spent","781881"
"ITM08C02","Non-Irish Resident","201211","2012 November","IE0","Ireland","Number of nights spent","588928"
"ITM08C02","Non-Irish Resident","201212","2012 December","IE0","Ireland","Number of nights spent","438515"
"ITM08C02","Non-Irish Resident","201301","2013 January","IE0","Ireland","Number of nights spent","337503"
"ITM08C02","Non-Irish Resident","201302","2013 February","IE0","Ireland","Number of nights spent","420974"
"ITM08C02","Non-Irish Resident","201303","2013 March","IE0","Ireland","Number of nights spent","716401"
"ITM08C02","Non-Irish Resident","201304","2013 April","IE0","Ireland","Number of nights spent","928171"
"ITM08C02","Non-Irish Resident","201305","2013 May","IE0","Ireland","Number of nights spent","1181952"
"ITM08C02","Non-Irish Resident","201306","2013 June","IE0","Ireland","Number of nights spent","1290766"
"ITM08C02","Non-Irish Resident","201307","2013 July","IE0","Ireland","Number of nights spent","1510843"
"ITM08C02","Non-Irish Resident","201308","2013 August","IE0","Ireland","Number of nights spent","1822533"
"ITM08C02","Non-Irish Resident","201309","2013 September","IE0","Ireland","Number of nights spent","1248854"
"ITM08C02","Non-Irish Resident","201310","2013 October","IE0","Ireland","Number of nights spent","945759"
"ITM08C02","Non-Irish Resident","201311","2013 November","IE0","Ireland","Number of nights spent","580947"
"ITM08C02","Non-Irish Resident","201312","2013 December","IE0","Ireland","Number of nights spent","430834"
"ITM08C02","Non-Irish Resident","201401","2014 January","IE0","Ireland","Number of nights spent","407663"
"ITM08C02","Non-Irish Resident","201402","2014 February","IE0","Ireland","Number of nights spent","414028"
"ITM08C02","Non-Irish Resident","201403","2014 March","IE0","Ireland","Number of nights spent","649195"
"ITM08C02","Non-Irish Resident","201404","2014 April","IE0","Ireland","Number of nights spent","836039"
"ITM08C02","Non-Irish Resident","201405","2014 May","IE0","Ireland","Number of nights spent","1181444"
"ITM08C02","Non-Irish Resident","201406","2014 June","IE0","Ireland","Number of nights spent","1300714"
"ITM08C02","Non-Irish Resident","201407","2014 July","IE0","Ireland","Number of nights spent","1663727"
"ITM08C02","Non-Irish Resident","201408","2014 August","IE0","Ireland","Number of nights spent","1730458"
"ITM08C02","Non-Irish Resident","201409","2014 September","IE0","Ireland","Number of nights spent","1280571"
"ITM08C02","Non-Irish Resident","201410","2014 October","IE0","Ireland","Number of nights spent","979494"
"ITM08C02","Non-Irish Resident","201411","2014 November","IE0","Ireland","Number of nights spent","1280571"
"ITM08C02","Non-Irish Resident","201412","2014 December","IE0","Ireland","Number of nights spent","417924"
"ITM08C02","Non-Irish Resident","201501","2015 January","IE0","Ireland","Number of nights spent","419486"
"ITM08C02","Non-Irish Resident","201502","2015 February","IE0","Ireland","Number of nights spent","553910"
"ITM08C02","Non-Irish Resident","201503","2015 March","IE0","Ireland","Number of nights spent","814491"
"ITM08C02","Non-Irish Resident","201504","2015 April","IE0","Ireland","Number of nights spent","1048164.65"
"ITM08C02","Non-Irish Resident","201505","2015 May","IE0","Ireland","Number of nights spent","1363808.65"
"ITM08C02","Non-Irish Resident","201506","2015 June","IE0","Ireland","Number of nights spent","1464187"
"ITM08C02","Non-Irish Resident","201507","2015 July","IE0","Ireland","Number of nights spent","1657726.978"
"ITM08C02","Non-Irish Resident","201508","2015 August","IE0","Ireland","Number of nights spent","1858645"
"ITM08C02","Non-Irish Resident","201509","2015 September","IE0","Ireland","Number of nights spent","1581296"
"ITM08C02","Non-Irish Resident","201510","2015 October","IE0","Ireland","Number of nights spent","1300059"
"ITM08C02","Non-Irish Resident","201511","2015 November","IE0","Ireland","Number of nights spent","601545"
"ITM08C02","Non-Irish Resident","201512","2015 December","IE0","Ireland","Number of nights spent","567861"
"ITM08C02","Non-Irish Resident","201601","2016 January","IE0","Ireland","Number of nights spent","477653"
"ITM08C02","Non-Irish Resident","201602","2016 February","IE0","Ireland","Number of nights spent","559806.1107"
"ITM08C02","Non-Irish Resident","201603","2016 March","IE0","Ireland","Number of nights spent","1072017"
"ITM08C02","Non-Irish Resident","201604","2016 April","IE0","Ireland","Number of nights spent","1349728"
"ITM08C02","Non-Irish Resident","201605","2016 May","IE0","Ireland","Number of nights spent","1952953"
"ITM08C02","Non-Irish Resident","201606","2016 June","IE0","Ireland","Number of nights spent","1763445"
"ITM08C02","Non-Irish Resident","201607","2016 July","IE0","Ireland","Number of nights spent","2051334"
"ITM08C02","Non-Irish Resident","201608","2016 August","IE0","Ireland","Number of nights spent","2227829"
"ITM08C02","Non-Irish Resident","201609","2016 September","IE0","Ireland","Number of nights spent","1959151"
"ITM08C02","Non-Irish Resident","201610","2016 October","IE0","Ireland","Number of nights spent","1487105"
"ITM08C02","Non-Irish Resident","201611","2016 November","IE0","Ireland","Number of nights spent","969092"
"ITM08C02","Non-Irish Resident","201612","2016 December","IE0","Ireland","Number of nights spent","686468"
"ITM08C02","Non-Irish Resident","201701","2017 January","IE0","Ireland","Number of nights spent","743532"
"ITM08C02","Non-Irish Resident","201702","2017 February","IE0","Ireland","Number of nights spent","726729"
"ITM08C02","Non-Irish Resident","201703","2017 March","IE0","Ireland","Number of nights spent","1145978"
"ITM08C02","Non-Irish Resident","201704","2017 April","IE0","Ireland","Number of nights spent","1322318"
"ITM08C02","Non-Irish Resident","201705","2017 May","IE0","Ireland","Number of nights spent","1782168"
"ITM08C02","Non-Irish Resident","201706","2017 June","IE0","Ireland","Number of nights spent","2039181"
"ITM08C02","Non-Irish Resident","201707","2017 July","IE0","Ireland","Number of nights spent","2293883"
"ITM08C02","Non-Irish Resident","201708","2017 August","IE0","Ireland","Number of nights spent","2399102"
"ITM08C02","Non-Irish Resident","201709","2017 September","IE0","Ireland","Number of nights spent","2332957"
"ITM08C02","Non-Irish Resident","201710","2017 October","IE0","Ireland","Number of nights spent","1387030"
"ITM08C02","Non-Irish Resident","201711","2017 November","IE0","Ireland","Number of nights spent","999065"
"ITM08C02","Non-Irish Resident","201712","2017 December","IE0","Ireland","Number of nights spent","745257"
"ITM08C02","Non-Irish Resident","201801","2018 January","IE0","Ireland","Number of nights spent","745011"
"ITM08C02","Non-Irish Resident","201802","2018 February","IE0","Ireland","Number of nights spent","920276"
"ITM08C02","Non-Irish Resident","201803","2018 March","IE0","Ireland","Number of nights spent","1226439"
"ITM08C02","Non-Irish Resident","201804","2018 April","IE0","Ireland","Number of nights spent","1298202"
"ITM08C02","Non-Irish Resident","201805","2018 May","IE0","Ireland","Number of nights spent","1736760"
"ITM08C02","Non-Irish Resident","201806","2018 June","IE0","Ireland","Number of nights spent","1771029"
"ITM08C02","Non-Irish Resident","201807","2018 July","IE0","Ireland","Number of nights spent","1997126"
"ITM08C02","Non-Irish Resident","201808","2018 August","IE0","Ireland","Number of nights spent","2149351"
"ITM08C02","Non-Irish Resident","201809","2018 September","IE0","Ireland","Number of nights spent","1716909"
"ITM08C02","Non-Irish Resident","201810","2018 October","IE0","Ireland","Number of nights spent","1423598"
"ITM08C02","Non-Irish Resident","201811","2018 November","IE0","Ireland","Number of nights spent","974654"
"ITM08C02","Non-Irish Resident","201812","2018 December","IE0","Ireland","Number of nights spent","800100"
"ITM08C02","Non-Irish Resident","201901","2019 January","IE0","Ireland","Number of nights spent","585735"
"ITM08C02","Non-Irish Resident","201902","2019 February","IE0","Ireland","Number of nights spent","749022"
"ITM08C02","Non-Irish Resident","201903","2019 March","IE0","Ireland","Number of nights spent","1307309"
"ITM08C02","Non-Irish Resident","201904","2019 April","IE0","Ireland","Number of nights spent","1705631"
"ITM08C02","Non-Irish Resident","201905","2019 May","IE0","Ireland","Number of nights spent","2208269"
"ITM08C02","Non-Irish Resident","201906","2019 June","IE0","Ireland","Number of nights spent","2008626"
"ITM08C02","Non-Irish Resident","201907","2019 July","IE0","Ireland","Number of nights spent","2476394"
"ITM08C02","Non-Irish Resident","201908","2019 August","IE0","Ireland","Number of nights spent","2494088"
"ITM08C02","Non-Irish Resident","201909","2019 September","IE0","Ireland","Number of nights spent","1987552"
"ITM08C02","Non-Irish Resident","201910","2019 October","IE0","Ireland","Number of nights spent","1682763"
"ITM08C02","Non-Irish Resident","201911","2019 November","IE0","Ireland","Number of nights spent","1103335"
"ITM08C02","Non-Irish Resident","201912","2019 December","IE0","Ireland","Number of nights spent","1102139"
"ITM08C02","Non-Irish Resident","202001","2020 January","IE0","Ireland","Number of nights spent","1364495"
"ITM08C02","Non-Irish Resident","202002","2020 February","IE0","Ireland","Number of nights spent","1173056"
"ITM08C02","Non-Irish Resident","202003","2020 March","IE0","Ireland","Number of nights spent","571687"
"ITM08C02","Non-Irish Resident","202004","2020 April","IE0","Ireland","Number of nights spent","14206"
"ITM08C02","Non-Irish Resident","202005","2020 May","IE0","Ireland","Number of nights spent","35398"
"ITM08C02","Non-Irish Resident","202006","2020 June","IE0","Ireland","Number of nights spent","73849"
"ITM08C02","Non-Irish Resident","202007","2020 July","IE0","Ireland","Number of nights spent","248141"
"ITM08C02","Non-Irish Resident","202008","2020 August","IE0","Ireland","Number of nights spent","313328"
"ITM08C02","Non-Irish Resident","202009","2020 September","IE0","Ireland","Number of nights spent","189376"
"ITM08C02","Non-Irish Resident","202010","2020 October","IE0","Ireland","Number of nights spent","147123"
"ITM08C02","Non-Irish Resident","202011","2020 November","IE0","Ireland","Number of nights spent","76886"
"ITM08C02","Non-Irish Resident","202012","2020 December","IE0","Ireland","Number of nights spent","308709"
"ITM08C02","Non-Irish Resident","202101","2021 January","IE0","Ireland","Number of nights spent","129137"
"ITM08C02","Non-Irish Resident","202102","2021 February","IE0","Ireland","Number of nights spent","64024"
"ITM08C02","Non-Irish Resident","202103","2021 March","IE0","Ireland","Number of nights spent","60953"
"ITM08C02","Non-Irish Resident","202104","2021 April","IE0","Ireland","Number of nights spent","69068"
"ITM08C02","Non-Irish Resident","202105","2021 May","IE0","Ireland","Number of nights spent","117980"
"ITM08C02","Non-Irish Resident","202106","2021 June","IE0","Ireland","Number of nights spent","200952"
"ITM08C02","Non-Irish Resident","202107","2021 July","IE0","Ireland","Number of nights spent","424810"
"ITM08C02","Non-Irish Resident","202108","2021 August","IE0","Ireland","Number of nights spent","712879"
"ITM08C02","Non-Irish Resident","202109","2021 September","IE0","Ireland","Number of nights spent","627241"
"ITM08C02","Non-Irish Resident","202110","2021 October","IE0","Ireland","Number of nights spent","838315"
"ITM08C02","Non-Irish Resident","202111","2021 November","IE0","Ireland","Number of nights spent","675058"
"ITM08C02","Non-Irish Resident","202112","2021 December","IE0","Ireland","Number of nights spent","1314034"
"ITM08C02","Non-Irish Resident","202201","2022 January","IE0","Ireland","Number of nights spent","609352"
"ITM08C02","Non-Irish Resident","202202","2022 February","IE0","Ireland","Number of nights spent","733325"
"ITM08C02","Non-Irish Resident","202203","2022 March","IE0","Ireland","Number of nights spent","975139"
"ITM08C02","Non-Irish Resident","202204","2022 April","IE0","Ireland","Number of nights spent","1381774"
"ITM08C02","Non-Irish Resident","202205","2022 May","IE0","Ireland","Number of nights spent","1990619"
"ITM08C02","Non-Irish Resident","202206","2022 June","IE0","Ireland","Number of nights spent","1919796"
"ITM08C02","Non-Irish Resident","202207","2022 July","IE0","Ireland","Number of nights spent","2146056"
"ITM08C02","Non-Irish Resident","202208","2022 August","IE0","Ireland","Number of nights spent","1919304"
"ITM08C02","Non-Irish Resident","202209","2022 September","IE0","Ireland","Number of nights spent","1478751"
"ITM08C02","Non-Irish Resident","202210","2022 October","IE0","Ireland","Number of nights spent","1367857"
"ITM08C02","Non-Irish Resident","202211","2022 November","IE0","Ireland","Number of nights spent","870448"
"ITM08C02","Non-Irish Resident","202212","2022 December","IE0","Ireland","Number of nights spent","1082407"
"ITM08C02","Non-Irish Resident","202301","2023 January","IE0","Ireland","Number of nights spent","872822"
"ITM08C02","Non-Irish Resident","202302","2023  February","IE0","Ireland","Number of nights spent","1044913"
"ITM08C02","Non-Irish Resident","202303","2023  March","IE0","Ireland","Number of nights spent","1571299"
"ITM08C02","Non-Irish Resident","202304","2023  April","IE0","Ireland","Number of nights spent","1599279"
"ITM08C02","Non-Irish Resident","202305","2023  May","IE0","Ireland","Number of nights spent","2568956"
"ITM08C02","Non-Irish Resident","202306","2023 June","IE0","Ireland","Number of nights spent","2402134"
"ITM08C02","Non-Irish Resident","202307","2023 July","IE0","Ireland","Number of nights spent","2832309"
"ITM08C02","Non-Irish Resident","202308","2023  August","IE0","Ireland","Number of nights spent","3261934"
"ITM08C02","Non-Irish Resident","202309","2023 September","IE0","Ireland","Number of nights spent","2526020"
"ITM08C02","Non-Irish Resident","202310","2023  October","IE0","Ireland","Number of nights spent","2037744"
"ITM08C02","Non-Irish Resident","202311","2023  November","IE0","Ireland","Number of nights spent","1405349"
"ITM08C02","Non-Irish Resident","202312","2023  December","IE0","Ireland","Number of nights spent","2239388"
"ITM08C02","Non-Irish Resident","202401","2024 January","IE0","Ireland","Number of nights spent","1018529"
"ITM08C02","Non-Irish Resident","202402","2024  February","IE0","Ireland","Number of nights spent","1154625"
"ITM08C02","Non-Irish Resident","202403","2024 March","IE0","Ireland","Number of nights spent","1602189"
"ITM08C02","Non-Irish Resident","202404","2024 April","IE0","Ireland","Number of nights spent","1756304"
"ITM08C02","Non-Irish Resident","202405","2024 May","IE0","Ireland","Number of nights spent","2521178"
"ITM08C02","Non-Irish Resident","202406","2024 June","IE0","Ireland","Number of nights spent","2745188"
"ITM08C02","Non-Irish Resident","202407","2024 July","IE0","Ireland","Number of nights spent","2651413"
"ITM08C02","Non-Irish Resident","202408","2024 August","IE0","Ireland","Number of nights spent","3279973"
"ITM08C02","Non-Irish Resident","202409","2024 September","IE0","Ireland","Number of nights spent","2487948"
"ITM08C02","Non-Irish Resident","202410","2024 October","IE0","Ireland","Number of nights spent","2109781"
"ITM08C02","Non-Irish Resident","202411","2024 November","IE0","Ireland","Number of nights spent","1247606"
"ITM08C02","Non-Irish Resident","202412","2024 December","IE0","Ireland","Number of nights spent","1775226"
"ITM08C02","Non-Irish Resident","202501","2025 January","IE0","Ireland","Number of nights spent","654239"
"ITM08C02","Non-Irish Resident","202502","2025 February","IE0","Ireland","Number of nights spent","727952"
"ITM08C02","Non-Irish Resident","202503","2025 March","IE0","Ireland","Number of nights spent","1522395"
"ITM08C02","Non-Irish Resident","202504","2025 April","IE0","Ireland","Number of nights spent","1700468"
"ITM08C02","Non-Irish Resident","202505","2025 May","IE0","Ireland","Number of nights spent","2424228"
"ITM08C02","Non-Irish Resident","202506","2025 June","IE0","Ireland","Number of nights spent","3108198"
"ITM08C02","Non-Irish Resident","202507","2025 July","IE0","Ireland","Number of nights spent","2876583"
"ITM08C02","Non-Irish Resident","202508","2025 August","IE0","Ireland","Number of nights spent","3353404"
"ITM08C02","Non-Irish Resident","202509","2025 September","IE0","Ireland","Number of nights spent","2298897"
"ITM08C02","Non-Irish Resident","202510","2025 October","IE0","Ireland","Number of nights spent","2242381"
"ITM08C02","Non-Irish Resident","202511","2025 November","IE0","Ireland","Number of nights spent","1499812"
"ITM08C02","Non-Irish Resident","202512","2025 December","IE0","Ireland","Number of nights spent","2310345"
